"Sex","Length","Diameter","Height","Weight","Shucked.Weight","Viscera.Weight","Shell.Weight"
"I",1,0.8,0.2375,9.865626,5.499803,1.5025235,2.4664065
"M",1.525,1.1875,0.4125,31.638042,12.133586,6.25106475,8.9300925
"I",1.15,0.8625,0.2625,12.7289255,5.556502,2.67902775,3.58621175
"F",1.525,1.25,0.45,40.766581,14.69921575,10.58853825,9.48290775
"M",1.0375,0.8125,0.35,11.8217415,4.35164825,2.87747425,4.082328
"M",1.5,1.25,0.4,28.7747425,11.32562525,4.91863825,9.355335
"I",1.1625,0.8875,0.3,14.10387625,6.73300625,2.8066005,3.96893
"F",1.6625,1.3125,0.45,44.74968575,19.220961,6.4920355,12.927372
"M",1.15,0.9125,0.3125,13.2392165,5.37223025,2.67902775,4.479221
"M",1.3625,1.125,0.4,24.42309425,8.29222875,4.37999775,10.3475675
"I",0.9,0.6625,0.1875,5.06038575,2.22543575,0.9922325,1.530873
"M",1.6125,1.275,0.4,33.55163325,15.762322,6.76135575,9.7805775
"I",1.1,0.9125,0.2875,14.2030995,6.90310325,2.381358,4.15320175
"I",0.9,0.7125,0.2625,6.84640425,2.59397925,1.6159215,2.1262125
"F",1.6875,1.275,0.4875,39.179009,17.13727275,9.00096625,11.24057675
"M",1.85,1.3375,0.4625,46.776675,20.808533,12.77144975,9.4970825
"M",1.7375,1.325,0.475,48.931237,21.61649375,12.360382,12.8990225
"F",1.5625,1.225,0.475,48.23667425,21.16290175,11.63746975,10.92873225
"M",1.3375,1.0875,0.3875,25.27357925,9.68135425,5.0178615,7.087375
"M",1.625,1.3125,0.475,45.71356875,22.0275615,10.44679075,11.24057675
"M",1.7,1.2875,0.425,45.68521925,23.85610425,8.674947,11.1980525
"M",1.35,1.05,0.3375,22.89222125,9.87980075,5.08873525,6.6621325
"I",1.125,0.875,0.3625,14.8834875,5.91087075,2.83495,4.69184225
"I",1.275,1,0.3125,15.80484625,7.41339425,3.38776525,4.32329875
"F",1.5,1.1375,0.3625,25.21688025,11.8784405,4.86193925,7.6260155
"I",0.925,0.6875,0.225,5.85417175,2.721552,1.11980525,1.644271
"M",1.125,0.825,0.2625,14.04717725,7.29999625,2.324659,3.6570855
"M",1.4125,1.1375,0.425,25.69882175,9.695529,4.422522,9.07184
"F",1.125,0.8875,0.2625,14.81261375,6.7188315,3.30271675,4.1106775
"I",0.725,0.525,0.175,3.16096925,1.360776,0.58116475,0.850485
"M",1.4625,1.15,0.3625,26.46425825,13.551061,5.17378375,6.6621325
"M",1.7875,1.3625,0.45,49.34230475,24.6924145,9.8372765,12.7289255
"M",1.375,1.1,0.4,27.9242575,13.16834275,5.6982495,7.654365
"F",1.175,0.8875,0.35,12.2753335,4.32329875,2.6932025,4.309124
"I",0.6875,0.5125,0.175,2.99087225,14.0330025,0.5386405,0.89300925
"I",1.2875,1,0.3,18.6823205,7.66853975,5.0745605,4.819415
"M",1.6625,1.3125,0.4375,40.9083285,18.80989325,10.90038275,10.0073735
"M",1.0375,0.8625,0.3375,10.95708175,3.628736,1.984465,4.195726
"M",1.5875,1.25,0.45,32.715323,12.48795475,6.56290925,10.9712565
"M",1.45,1.1375,0.4875,52.7017205,26.7902775,12.076887,12.5021295
"M",0.725,0.5625,0.2,3.67126025,1.51669825,0.737087,1.2757275
"M",1.5,1.1875,0.375,28.066005,10.942907,6.22271525,8.80251975
"F",1.5375,1.1875,0.425,29.9087225,15.3937785,6.973977,6.64795775
"I",0.6375,0.4875,0.1375,2.05533875,0.80796075,0.4819415,0.5953395
"I",0.875,0.65,0.225,5.00368675,2.041164,1.00640725,1.63009625
"F",1.5,1.1625,0.4125,25.16018125,8.7599955,6.973977,7.427569
"M",1.45,1.1625,0.4,29.32755775,8.9300925,7.37087,10.30504325
"F",1.175,0.9375,0.2625,14.5432935,6.577084,4.025629,3.685435
"I",1.45,1.0625,0.3625,23.530085,10.7444605,4.55009475,7.29999625
"M",1.25,1,0.3125,19.06503875,9.525432,3.40194,5.17378375
"I",1.4375,1.125,0.375,24.323871,12.7289255,4.706017,6.0951425
"I",1.0875,0.825,0.2375,11.1413535,6.2085405,2.1262125,2.50893075
"I",0.9375,0.725,0.2375,6.0384435,2.721552,1.1623295,1.7293195
"M",1.275,1.025,0.3875,36.35823375,16.1308655,8.2497045,10.75863525
"I",1.0375,0.825,0.225,10.19164525,4.819415,2.2963095,2.551455
"F",1.45,1.125,0.5875,30.3623145,8.50485,5.839997,11.1980525
"F",1.4875,1.2,0.4,34.28872025,14.81261375,8.391452,9.07184
"F",1.6375,1.35,0.5375,44.09764725,19.7029025,8.391452,12.587178
"I",1.2125,0.95,0.3125,14.78426425,6.27941425,3.345241,4.53592
"I",1.375,1.0375,0.375,22.43862925,10.02154825,4.989512,6.690482
"M",1.5,1.175,0.325,28.64716975,11.9918385,6.2085405,8.448151
"M",1.175,0.9375,0.3,16.45688475,7.540967,2.65067825,4.7910655
"I",0.675,0.5125,0.1875,3.345241,1.6726205,0.8788345,0.86465975
"M",1.5625,1.3,0.4375,39.98696975,19.5895045,9.128539,9.82310175
"I",1.15,0.9125,0.275,12.74310025,4.97533725,2.891649,4.252425
"I",1.075,0.85,0.2625,12.48795475,6.76135575,2.11203775,3.04757125
"M",1.7125,1.3625,0.5125,50.81647875,23.09066775,11.793392,13.0691195
"F",1.2,0.95,0.3625,16.726205,6.577084,3.9972795,6.520385
"F",1.525,1.1625,0.4,30.40483875,13.70698325,7.12989925,7.93786
"M",1.6625,1.3375,0.5625,61.90113325,21.36134825,11.0846545,25.0893075
"F",1.0875,0.9875,0.2625,10.30504325,3.855532,2.778251,3.685435
"M",1.55,1.275,0.4375,36.32988425,16.20173925,6.76135575,11.056305
"F",1.5875,1.2125,0.4125,35.98969025,15.97494325,8.68912175,9.62465525
"M",1.2375,0.975,0.375,24.1821235,9.31281075,5.3580555,7.654365
"M",1.2125,0.9125,0.3875,29.1716355,12.00601325,6.47786075,8.8733935
"F",1.4625,1.1375,0.4125,28.292801,9.7805775,7.07320025,8.9300925
"M",1.2875,0.9875,0.3,18.313777,8.0796075,3.86970675,4.876114
"I",0.6,0.4375,0.1125,1.984465,0.89300925,0.66621325,0.56699
"F",1.7625,1.425,0.4625,49.9234695,21.1770765,10.56018875,13.834556
"F",1.425,1.1125,0.3625,24.87668625,11.679994,6.1518415,6.23689
"F",1.5875,1.225,0.425,35.76289425,15.26620575,7.55514175,10.77281
"I",0.5375,0.425,0.1375,1.71514475,0.58116475,0.396893,0.56699
"I",1.375,1.05,0.3875,25.854744,14.0330025,5.11708475,5.8116475
"I",1.05,0.775,0.2375,7.9095105,3.55786225,1.4458245,2.494756
"M",1.425,1.1,0.2375,23.4450365,9.62465525,6.27941425,6.6621325
"I",1.0125,0.7625,0.225,8.00873375,3.231843,1.63009625,2.6932025
"F",1.8,1.375,0.45,43.09124,18.0586315,9.2135875,12.3320325
"F",1.25,0.95,0.3875,18.5689225,6.81805475,4.0539785,5.8116475
"M",1.525,1.225,0.375,31.2694985,12.0485375,5.74077375,10.20582
"F",1.4625,1.125,0.4,30.5324115,14.16057525,8.15048125,7.087375
"I",0.7875,0.575,0.225,3.64291075,1.2190285,1.13398,1.13398
"I",1.3125,1,0.3625,17.27902025,7.030676,4.5075705,4.9611625
"M",1.625,1.2875,0.4375,41.97143475,15.01106025,7.711064,14.8834875
"I",0.875,0.6625,0.2125,4.91863825,2.19708625,0.963883,1.587572
"F",1.625,1.3625,0.4375,43.21881275,16.726205,9.241937,14.0330025
"F",1.725,1.3125,0.475,42.297454,18.21455375,11.07047975,11.90679
"M",1.625,1.3125,0.475,42.51007525,17.76096175,11.35397475,11.1980525
"M",1.5625,1.2625,0.4625,32.78619675,14.74174,6.81805475,10.02154825
"M",1.575,1.225,0.425,33.29648775,14.89766225,7.7394135,9.6104805
"M",1.2125,0.8875,0.3,15.5071765,6.0951425,4.57844425,3.96893
"F",1.35,1.1,0.3375,27.1871705,6.76135575,6.2652395,8.50485
"M",1.2625,1.0125,0.35,24.8058125,7.55514175,4.932813,8.0796075
"M",1.7,1.3,0.4125,41.8863863,20.525038,7.9095105,11.509897
"M",0.875,0.6625,0.225,5.03203625,1.63009625,1.190679,1.927766
"M",1.65,1.25,0.4125,37.40716525,18.9091165,7.6260155,9.6671795
"M",1.3875,1.1375,0.4,29.97959625,11.12717875,6.463686,8.3064035
"M",1.3375,1.1,0.4125,24.8058125,7.9095105,5.10291,8.50485
"I",1.2375,0.95,0.3625,14.5999925,4.9611625,2.778251,6.010094
"M",1.5625,1.225,0.4125,31.65221675,13.87708025,7.41339425,9.42620875
"M",1.3625,1.05,0.35,21.27629975,7.01650125,3.685435,7.2291225
"M",1.15,0.9375,0.325,16.25843825,7.10154975,3.3735905,5.5281525
"F",1.3125,1.0625,0.3625,22.66542525,9.48290775,5.9250455,6.80388
"F",1.6125,1.275,0.4,35.19590425,16.48523425,7.824462,8.9300925
"F",1.3125,1.0375,0.375,20.28406725,6.67630725,4.8477645,7.654365
"I",1.6,1.225,0.3375,31.18445,13.834556,7.10154975,8.29222875
"F",1.5,1.1625,0.3875,29.48348,13.48018725,7.087375,7.93786
"F",1.5,1.2,0.45,30.17804275,12.74310025,6.95980225,9.2135875
"I",1.3,1.025,0.35,19.8163005,9.62465525,3.6570855,5.51397775
"F",1.5875,1.3125,0.45,38.82464025,17.973583,9.015141,10.2908685
"M",1.6375,1.275,0.5375,50.56133325,25.18853075,11.60912025,11.89261525
"F",1.5875,1.275,0.425,34.68561325,15.081934,7.6827145,10.035723
"F",1.4875,1.175,0.3875,33.38153625,15.365429,7.6260155,8.788345
"M",1.6,1.225,0.3875,31.99241075,13.5227115,7.6260155,9.63883
"F",1.3,1.0375,0.3625,22.80717275,9.42620875,4.89028875,8.0796075
"M",0.975,0.7,0.3125,15.989118,8.60407325,2.70737725,4.0539785
"M",1.7,1.35,0.3875,43.488133,19.0225145,10.7444605,10.886208
"M",1.65,1.325,0.4875,43.95589975,18.44134975,9.34116025,14.0330025
"I",1.05,0.7625,0.275,7.93786,2.664853,2.22543575,2.70737725
"F",1.225,0.925,0.35,16.5844575,6.8889285,3.2601925,5.5281525
"I",1.35,1.05,0.35,20.97863,10.19164525,4.5075705,5.62737575
"F",1.175,0.875,0.3625,14.67086625,5.3013565,3.50116325,5.10291
"F",1.6,1.225,0.45,38.55532,18.5122235,9.8372765,8.6465975
"M",1.275,0.975,0.3375,21.8007655,11.15552825,4.12485225,5.386405
"M",1.3375,1.0375,0.3375,22.11261,8.97261675,4.7910655,6.70465675
"I",1.15,0.875,0.2875,11.77921725,5.10291,2.778251,3.33106625
"I",0.45,0.3125,0.0875,0.75126175,0.26932025,0.15592225,0.24097075
"M",1.0125,0.775,0.25,10.9145575,4.9044635,2.59397925,3.118445
"M",0.4375,0.3375,0.1,0.86465975,0.3118445,0.21262125,0.283495
"F",1.675,1.3625,0.4,43.70075425,16.96717575,7.27164675,14.0330025
"M",0.8375,0.6625,0.2375,5.59902625,2.25378525,1.06310625,1.984465
"M",0.8375,0.6375,0.1875,4.63514325,1.74349425,0.97805775,1.6159215
"M",1.4625,1.125,0.375,28.2644515,11.49572225,8.0229085,7.1157245
"M",1.3875,1.1,0.3375,25.58542375,10.78698475,5.96756975,7.93786
"I",1.4375,1.1125,0.4,26.01066625,12.757275,5.48562825,6.80388
"I",0.725,0.525,0.15,2.96252275,1.17650425,0.623689,0.9922325
"M",1.6125,1.25,0.45,41.4186195,16.96717575,6.87475375,12.4454305
"I",0.9,0.65,0.2,5.08873525,2.097863,0.89300925,1.70097
"I",1.3625,1.075,0.325,21.53144525,10.149121,4.3374735,5.82582225
"F",1.6125,1.3,0.4375,37.83240775,18.9091165,7.55514175,10.0640725
"F",1.475,1.1625,0.4,31.19862475,14.344847,7.15824875,8.3631025
"I",1.2,0.925,0.3125,13.437663,5.0745605,2.93417325,4.9611625
"I",1.0875,0.85,0.2875,11.12717875,5.17378375,2.211261,3.24601775
"M",1.4125,0.975,0.3125,21.092028,9.979024,3.685435,4.77689075
"I",1.1375,0.8625,0.2625,11.35397475,4.649318,2.14038725,3.572037
"I",0.825,0.65,0.2125,5.57067675,2.59397925,1.20485375,1.5592225
"F",1.6,1.1875,0.35,30.40483875,13.87708025,6.50621025,8.788345
"I",0.9625,0.7125,0.225,7.030676,2.65067825,1.871067,1.984465
"I",0.6625,0.525,0.15,2.73572675,1.20485375,0.623689,0.850485
"F",1.2625,1,0.3125,16.5277585,6.973977,3.685435,4.9611625
"M",1.4375,1.15,0.4125,25.95396725,11.35397475,6.98815175,6.76135575
"I",0.7,0.525,0.2125,3.04757125,1.17650425,0.680388,0.963883
"I",0.8375,0.625,0.1875,5.273007,2.67902775,1.077281,1.26155275
"M",1.5875,1.225,0.4375,38.9805625,17.6617385,7.66853975,11.1980525
"M",1.55,1.1625,0.475,38.03085425,16.17338975,9.00096625,10.0640725
"F",1.4375,1.2125,0.4125,29.49765475,11.8784405,7.484268,8.50485
"M",1.25,0.9125,0.325,16.85377775,8.7599955,3.07592075,4.35164825
"F",1.35,0.9625,0.35,21.70154225,9.25611175,3.288542,6.70465675
"I",0.8375,0.6125,0.225,4.72019175,1.68679525,1.13398,1.70097
"I",0.625,0.45,0.15,2.0695135,0.793786,0.4819415,0.63786375
"M",1.45,1.125,0.3875,23.45921125,9.1001895,5.59902625,6.93145275
"I",0.5375,0.375,0.075,1.09145575,0.32601925,0.1417475,0.283495
"I",0.6375,0.4625,0.1625,2.097863,0.86465975,0.46776675,0.56699
"I",0.925,0.7,0.2125,6.1518415,3.10427025,0.9922325,1.757669
"F",1.0125,0.8125,0.275,10.07824725,4.2807745,1.7860185,3.3168915
"M",1.55,1.1875,0.4875,38.51279575,16.82542825,9.53960675,10.61688775
"I",0.9625,0.725,0.225,6.577084,2.42388225,1.40330025,2.26796
"F",1.25,1,0.375,22.92057075,7.7394135,3.175144,8.3631025
"M",1.2875,1,0.35,17.95940825,8.164656,4.1106775,4.762716
"M",0.7375,0.5625,0.225,3.92640575,1.360776,1.304077,1.417475
"I",1,0.7625,0.25,9.68135425,4.989512,1.77184375,2.45223175
"F",1.6875,1.3375,0.55,45.472598,17.50581625,12.06271225,12.8423235
"M",0.9875,0.7,0.2,7.540967,2.82077525,1.871067,2.551455
"M",0.7125,0.5375,0.1875,3.005047,1.17650425,0.6520385,0.9922325
"I",0.9125,0.675,0.2125,5.5848515,2.31048425,0.92135875,1.8427175
"M",1.575,1.2625,0.3875,31.3261975,13.947954,6.406987,9.2135875
"F",1.8875,1.5625,0.525,71.0154975,33.92017675,14.5432935,19.23513575
"I",1.4375,1.075,0.325,21.04950375,8.20718025,5.68407475,6.23689
"M",1.2875,1,0.35,20.87940675,8.37727725,5.216308,5.2446575
"F",1.525,1.2125,0.525,38.11590275,15.1669825,6.25106475,14.5999925
"M",1.5625,1.175,0.425,33.06969175,13.05494475,7.27164675,11.18387775
"M",1.4125,1.1375,0.4625,26.26581175,10.035723,4.46504625,10.6310625
"M",1.775,1.4125,0.5,45.3875495,20.014747,9.1001895,12.757275
"M",1.5375,1.1875,0.4375,34.699788,17.10892325,7.3992195,8.8166945
"F",1.4875,1.1625,0.3875,29.086587,13.16834275,3.175144,8.6465975
"M",1.4,1.1625,0.3625,25.16018125,9.48290775,6.23689,7.64019025
"I",1.0625,0.8125,0.275,11.4815475,4.80524025,2.608154,3.01922175
"F",1.7625,1.4,0.5125,67.5001595,28.10852925,14.18892475,17.690088
"M",1.1,0.9125,0.3125,14.628342,6.10931725,3.231843,4.3941725
"M",1.5625,1.2,0.4625,34.20367175,16.6411565,8.221355,8.107957
"F",1.2875,1,0.425,22.566202,7.314171,4.97533725,7.93786
"F",1.5,1.2625,0.475,32.0065855,12.43125575,7.257472,10.20582
"I",0.4875,0.3375,0.1,0.92135875,0.38271825,0.1417475,0.26932025
"M",1.4875,1.1375,0.3875,29.5118295,11.793392,5.96756975,10.3475675
"F",1.5625,1.225,0.4375,34.9549335,15.77649675,7.0023265,10.3475675
"M",1.475,1.1125,0.35,26.3933845,10.092422,6.633783,7.93786
"M",1.4875,1.1875,0.4,37.35046625,11.566596,6.633783,16.44271
"M",1.5,1.2,0.4375,34.8415355,11.69416875,7.75358825,11.7650425
"M",1.425,1.1625,0.3125,24.0687255,10.73028575,5.00368675,6.80388
"F",1.175,0.9,0.325,13.380964,5.159609,3.231843,4.252425
"F",1.2875,1.075,0.35,23.643483,10.4042665,5.6699,6.520385
"F",1.775,1.325,0.4875,53.14113775,19.15008725,11.52407175,19.43358225
"M",1.2125,1.025,0.375,19.731252,6.81805475,4.60679375,7.5126175
"M",0.9375,0.75,0.25,6.98815175,2.948348,1.34660125,2.3530085
"M",1.5375,1.1875,0.3875,30.43318825,12.40290625,7.32834575,8.788345
"I",1.0125,0.7875,0.2625,9.8372765,4.55009475,2.22543575,2.83495
"F",1.8,1.4375,0.5375,59.53395,24.28134675,13.67863375,17.066399
"F",1.525,1.2375,0.4125,30.71668325,12.82814875,7.7394135,8.9867915
"I",1.4625,1.125,0.375,25.27357925,11.26892625,5.76912325,7.1724235
"M",1.4375,1.0875,0.325,28.64716975,10.432616,6.293589,9.07184
"I",1.1,0.875,0.275,10.78698475,4.46504625,2.53728025,3.2601925
"I",0.5375,0.3875,0.15,1.48834875,0.5953395,0.46776675,0.4252425
"M",1.475,1.15,0.35,28.462898,14.061352,6.13766675,7.37087
"I",1.05,0.775,0.25,7.95203475,3.18931875,1.74349425,2.62232875
"M",1.625,1.275,0.4375,37.32211675,17.98775775,7.38504475,10.319218
"I",0.6875,0.5125,0.1625,2.8632995,1.1623295,0.5953395,0.963883
"M",0.8,0.6125,0.1875,4.40834725,1.65844575,1.077281,1.3891255
"I",1.4375,1.125,0.3375,23.37416275,9.56795625,5.99591925,6.7755305
"I",0.9125,0.675,0.225,6.10931725,2.84912475,1.3891255,1.85689225
"I",0.875,0.65,0.2375,5.9817445,2.438057,1.587572,1.927766
"F",1.4375,1.125,0.425,29.69610125,10.70193625,4.83358975,10.9145575
"I",1.275,0.9875,0.3875,15.29455525,6.98815175,3.07592075,4.7343665
"I",1.2875,1.0375,0.3375,20.19901875,8.0796075,4.309124,6.9456275
"M",1.225,0.8875,0.3875,27.8108595,13.1825175,5.71242425,7.10154975
"I",1.3,0.95,0.2875,18.83824275,9.31281075,4.819415,4.03980375
"F",1.2875,1.0625,0.3375,20.184844,7.55514175,4.55009475,7.087375
"I",0.975,0.7375,0.2375,5.7549485,2.48058125,1.2757275,2.1262125
"M",1.5625,1.2625,0.5375,40.97920225,14.061352,8.1363065,12.3320325
"M",1.475,1.15,0.3625,26.3366855,10.77281,6.80388,7.2291225
"M",1.4,1.125,0.35,25.51455,13.380964,5.159609,6.180191
"F",1.3375,1.0625,0.3875,22.01338675,8.561549,4.43669675,7.087375
"M",1.6,1.2875,0.2,29.540179,14.5999925,4.97533725,4.9611625
"I",1.325,1.05,0.3,16.91047675,7.24329725,3.9972795,5.0178615
"M",1.7125,1.2625,0.475,43.4597835,18.9091165,11.49572225,11.623295
"F",1.2375,0.9375,0.375,16.9246515,7.41339425,3.8271825,5.046211
"M",1.25,0.95,0.3875,16.88212725,6.05261825,4.5642695,5.6699
"M",1.5875,1.3,0.4375,36.627554,17.0097,7.6260155,10.4042665
"I",0.9375,0.725,0.2125,6.76135575,3.345241,1.2757275,1.97029025
"I",1.2875,0.9875,0.3125,15.762322,7.64019025,2.721552,4.819415
"I",1.0875,0.8125,0.25,9.695529,3.78465825,2.36718325,2.9766975
"M",1.575,1.2125,0.4,35.2384285,17.6617385,7.7961125,8.50485
"F",1.5875,1.25,0.475,36.570855,16.8112535,8.63242275,9.979024
"I",0.7,0.525,0.1875,3.38776525,1.5025235,0.75126175,0.850485
"M",1.425,1.125,0.3875,25.798045,9.241937,5.37223025,10.0640725
"F",1.35,1.05,0.35,22.77882325,10.77281,5.11708475,5.953395
"I",1.3,1,0.35,17.633389,7.881161,4.12485225,4.7910655
"M",1.425,1.05,0.35,24.79163775,11.793392,4.6776675,7.087375
"I",1.2875,1,0.3125,16.79707875,7.5126175,3.33106625,4.762716
"M",1.425,1.2,0.45,26.63435525,11.3114505,5.6699,8.3631025
"M",1.5,1.2375,0.4625,31.59551775,14.33067225,7.47009325,10.4042665
"F",1.55,1.3,0.5625,33.55163325,10.716111,7.654365,11.1980525
"I",1.4375,1.1875,0.425,27.4139665,10.70193625,8.051258,7.7961125
"I",1.3625,1.05,0.4125,25.33027825,12.00601325,6.22271525,6.463686
"I",0.75,0.5875,0.2,3.7137845,1.417475,0.75126175,1.2190285
"M",1.5125,1.1375,0.4,31.28367325,11.9351395,8.54737425,9.2135875
"F",1.4875,1.125,0.4125,30.6458095,13.891255,7.15824875,7.9095105
"F",1.2625,1.0625,0.35,24.097075,7.7961125,4.60679375,8.0796075
"I",0.925,0.675,0.2375,6.577084,3.75630875,1.1623295,1.74349425
"F",1.4875,1.1375,0.35,25.911443,11.04213025,6.30776375,7.6827145
"M",1.4625,1.0125,0.375,35.62114675,12.3320325,5.726599,9.2135875
"I",0.7875,0.5875,0.175,4.2240755,1.644271,0.92135875,1.3324265
"I",1.4125,1.05,0.3875,21.0636785,8.788345,5.273007,6.5487345
"M",1.175,0.9,0.2625,15.422128,7.654365,3.95475525,3.6570855
"M",1.5125,1.175,0.45,32.33260475,10.64523725,7.95203475,10.9145575
"I",1.0125,0.775,0.275,25.798045,11.793392,5.88252125,2.82077525
"M",1.5875,1.2875,0.4,34.23202125,15.26620575,7.994559,9.7805775
"M",1.7375,1.2875,0.4375,42.99201675,16.386011,11.63746975,11.056305
"I",0.9,0.6625,0.2125,5.37223025,2.05533875,1.45999925,1.5592225
"F",1.5,1.125,0.35,24.6357155,9.70970375,5.5281525,8.2497045
"M",0.7,0.5,0.2,2.59397925,0.9355335,0.60951425,0.850485
"F",1.4125,1.125,0.4,22.5378525,10.21999475,4.40834725,6.520385
"F",1.5875,1.2125,0.3875,30.4190135,13.2392165,5.59902625,9.922325
"M",1.1875,0.925,0.3125,15.2236815,6.293589,3.44446425,4.252425
"M",1.5625,1.2375,0.3875,29.0582375,13.04077,5.51397775,9.63883
"I",1.2375,0.95,0.325,14.52911875,6.19436575,3.288542,4.53592
"M",1.5,1.2375,0.4125,35.19590425,13.7495075,7.86698625,9.63883
"I",1.125,0.8375,0.2625,12.6722265,6.61960825,4.3374735,3.3735905
"I",1.2,0.8875,0.2875,16.40018575,7.087375,3.005047,5.216308
"F",1.5125,1.2125,0.4125,30.43318825,12.3887315,5.8116475,9.355335
"M",1.45,1.075,0.325,22.622901,10.3475675,4.9044635,6.47786075
"I",0.9,0.675,0.2125,5.556502,2.56562975,0.963883,1.5025235
"M",1.4625,1.1375,0.3625,27.0170735,11.18387775,7.61184075,7.314171
"I",1.1625,0.8875,0.3,16.45688475,7.2291225,2.59397925,5.216308
"M",1,0.8,0.2375,8.5898985,3.78465825,1.70097,2.83495
"I",1.35,1.075,0.425,23.700182,10.56018875,5.14543425,6.80388
"I",1.325,1.0375,0.3625,26.761928,10.90038275,5.2446575,7.5126175
"F",1.8125,1.4,0.525,60.6962795,18.427175,11.283101,28.4912475
"M",1.6625,1.2875,0.5,35.98969025,14.50076925,7.58349125,12.360382
"I",1.175,0.8875,0.3,10.44679075,3.572037,2.36718325,3.86970675
"F",1.025,0.8125,0.2625,10.30504325,4.5075705,2.1829115,3.40194
"F",1.425,1.0625,0.325,22.169309,10.47514025,4.94698775,5.57067675
"I",0.7875,0.575,0.2,3.89805625,1.54504775,0.8788345,1.26155275
"F",1.675,1.3,0.375,39.859397,14.7133905,9.865626,10.489315
"F",1.1625,0.875,0.2875,11.9351395,4.43669675,2.5798045,3.81300775
"F",1.675,1.4625,0.4,37.1094955,15.43630275,8.34892775,11.7083435
"I",1.375,1.0625,0.375,21.72989175,9.6104805,4.989512,5.953395
"I",0.9125,0.7,0.225,5.556502,2.45223175,1.020582,1.71514475
"M",1.15,0.8625,0.3,13.99047825,6.90310325,3.33106625,3.742134
"M",1.725,1.35,0.4625,45.91201525,15.1102835,10.0073735,15.7339725
"M",1.1875,0.8875,0.3,13.60776,6.633783,2.87747425,3.8271825
"F",1.75,1.4,0.4375,47.07434475,24.39474475,9.28446125,11.283101
"I",1.3125,1,0.3125,19.74542675,10.4609655,3.92640575,4.649318
"F",1.1875,0.9375,0.3125,16.40018575,7.86698625,2.4097075,4.3941725
"I",0.5125,0.35,0.125,1.304077,0.46776675,0.340194,0.38271825
"I",1,0.775,0.25,8.674947,3.685435,1.70097,2.664853
"M",1.525,1.1875,0.375,32.375129,17.57669,6.7188315,6.9456275
"I",1.1,0.8,0.2625,10.98543125,4.97533725,2.097863,3.40194
"F",1.7,1.375,0.4375,41.7588135,20.2131935,7.994559,12.17611025
"I",1.0625,0.775,0.2375,9.93649975,4.66349275,2.0128145,2.83495
"F",1.5125,1.1625,0.3875,31.18445,15.5071765,7.55514175,7.32834575
"I",0.95,0.7125,0.225,6.53455975,2.84912475,1.1056305,2.19708625
"I",1.1,0.85,0.25,11.5382465,5.9250455,2.08368825,2.9199985
"M",1.5375,1.2125,0.5375,27.25804425,11.963489,4.989512,8.221355
"F",1.1625,0.9375,0.3375,17.0097,6.30776375,3.6570855,6.520385
"M",1.6375,1.2625,0.4125,36.003865,17.10892325,7.427569,9.4970825
"I",1,0.7875,0.2125,7.58349125,3.288542,1.65844575,2.16873675
"F",1.4125,1.225,0.3875,26.20911275,11.4815475,6.22271525,7.2291225
"F",1.125,0.875,0.3125,12.57300325,5.2446575,2.551455,4.1106775
"F",1.25,1,0.3125,16.34348675,6.78970525,3.572037,5.2446575
"M",1.175,0.9625,0.3375,16.71203025,7.83863675,3.40194,4.819415
"F",1.4375,1.1875,0.4,25.3728025,10.21999475,6.2652395,7.6827145
"M",1.6875,1.3125,0.4,36.38658325,16.215914,7.81028725,10.04989775
"I",1.3625,1.0125,0.325,18.653971,9.2702865,4.09650275,4.932813
"I",1.15,0.875,0.3,13.84873075,5.4714535,2.9766975,4.3941725
"F",1.825,1.3875,0.45,47.89648025,18.58309725,5.57067675,13.99047825
"I",0.85,0.625,0.225,5.0745605,2.19708625,0.9355335,1.5592225
"F",1.5625,1.2125,0.4,35.550273,16.7545545,7.3425205,9.87980075
"F",1.75,1.3875,0.55,47.230267,18.3421265,12.14776075,12.8990225
"F",1.2875,1.0875,0.425,17.8885345,7.83863675,3.1467945,6.123492
"M",1.4375,1.125,0.4625,26.2232875,9.695529,5.5848515,9.922325
"F",1.4125,1.125,0.3625,24.08290025,11.94931425,4.77689075,6.3786375
"M",1.5625,1.25,0.45,38.85298975,18.2854275,8.5898985,10.50348975
"M",1.7375,1.3125,0.4375,49.384829,19.731252,11.0279555,14.3164975
"I",1.25,0.9375,0.35,15.57805025,7.030676,3.175144,4.49339575
"F",1.6125,1.2625,0.4125,37.364641,15.592225,8.54737425,9.4970825
"I",0.9125,0.6625,0.2125,6.0384435,2.67902775,1.3891255,1.70097
"M",1.35,1.0875,0.45,28.236102,10.87203325,6.406987,9.2135875
"I",0.4375,0.3125,0.1,0.793786,0.26932025,0.226796,0.2551455
"F",0.9625,0.7875,0.275,8.107957,3.47281375,1.80019325,2.36718325
"I",1.05,0.8125,0.3125,11.09882925,4.46504625,2.90582375,3.2601925
"F",0.875,0.6875,0.1625,5.8116475,2.11203775,1.31825175,1.984465
"M",1.8375,1.3875,0.55,66.1393835,35.13920525,10.33339275,17.56251525
"I",1.025,0.75,0.25,7.994559,3.55786225,1.6159215,2.48058125
"F",1.65,1.2875,0.45,43.1762885,15.30873,9.53960675,15.7339725
"I",1.5,1.1875,0.375,31.75144,16.0174675,6.98815175,7.654365
"M",1.3125,1.075,0.4125,24.50814275,10.659412,5.51397775,7.12989925
"M",1.625,1.2875,0.3125,33.46658475,14.84096325,8.0229085,9.28446125
"F",1.475,1.1875,0.4,31.22697425,13.53688625,7.24329725,8.3631025
"I",1.2375,0.825,0.25,12.47378,5.0178615,2.6932025,4.252425
"I",1.2625,0.95,0.3,16.839603,7.35669525,4.06815325,5.10291
"I",1.25,0.975,0.325,14.38737125,5.99591925,2.948348,4.97533725
"I",1.0625,0.8125,0.275,9.45455825,4.9044635,1.2757275,2.83495
"M",1.3875,1.15,0.4,24.38057,9.48290775,5.48562825,7.7961125
"I",1.025,0.75,0.225,8.618248,3.6570855,2.0128145,2.70737725
"F",1.5125,1.125,0.4875,31.127751,13.6361095,8.20718025,8.9300925
"I",1.025,0.825,0.2625,9.4970825,4.32329875,2.097863,3.118445
"M",1.6125,1.25,0.4375,42.82191975,19.09338825,10.64523725,10.70193625
"M",1.6625,1.2625,0.4,36.5425055,17.42076775,7.1724235,10.39009175
"M",1.8,1.4125,0.5,50.6605565,20.354941,10.9145575,14.9968855
"F",1.6625,1.3125,0.525,46.606578,23.189891,9.62465525,12.11941125
"F",1.6625,1.2625,0.4125,38.2434755,16.96717575,9.00096625,10.20582
"I",1.1625,0.8625,0.275,12.51630425,4.97533725,2.56562975,3.40194
"M",1.3625,1.025,0.3625,24.7491135,8.60407325,5.556502,8.788345
"I",0.9,0.675,0.2125,6.19436575,3.01922175,1.077281,1.757669
"M",1.475,1.175,0.3625,26.18076325,12.88484775,4.9044635,7.200773
"M",1.275,1.0375,0.35,23.20406575,8.57572375,6.10931725,6.6621325
"M",1.5875,1.275,0.3875,27.952607,11.4815475,6.39281225,8.788345
"M",1.8375,1.475,0.5125,59.1654065,25.7696955,13.437663,17.7184375
"M",1.5625,1.175,0.375,31.864838,15.762322,6.56290925,8.1363065
"F",1.5625,1.25,0.4,34.5013415,16.23008875,5.8683465,10.0640725
"M",1.15,0.875,0.3,14.5999925,6.350288,3.061746,4.43669675
"F",1.0625,0.8625,0.275,10.39009175,3.5436875,2.2963095,3.3168915
"M",0.8125,0.6,0.1875,4.3941725,1.34660125,1.00640725,1.70097
"F",1.175,0.9125,0.3,15.3937785,6.50621025,4.23825025,4.252425
"F",1.55,1.0875,0.3875,28.689694,13.5227115,6.690482,7.7961125
"M",1.275,0.95,0.3375,19.3060095,9.73805325,4.025629,4.819415
"M",1.375,1.075,0.325,23.79940525,8.94426725,5.54232725,6.81805475
"M",1.6,1.2375,0.425,32.2900805,15.29455525,7.994559,8.0796075
"M",1.375,1.1,0.3875,25.95396725,10.33339275,5.5281525,7.087375
"F",1.6125,1.225,0.4,33.06969175,13.99047825,8.94426725,8.4765005
"I",0.9,0.7,0.2,4.97533725,2.2963095,1.43164975,1.984465
"M",1.1375,0.875,0.2625,11.793392,4.60679375,2.7499015,4.1106775
"F",1.5875,1.2875,0.475,38.88133925,14.35902175,8.6465975,12.757275
"I",1.325,1.05,0.35,19.17843675,7.257472,5.25883225,5.896696
"F",1.85,1.5,0.4875,55.961913,16.953001,11.58077075,20.128145
"F",1.625,1.2875,0.5375,42.467551,15.989118,9.1568885,12.0485375
"M",0.825,0.625,0.225,5.5848515,2.4097075,1.1623295,1.71514475
"I",0.85,0.625,0.1875,5.06038575,1.88524175,1.28990225,1.2757275
"I",1.275,0.9375,0.25,16.40018575,6.747181,3.47281375,4.9611625
"I",1.0875,0.85,0.275,10.75863525,4.23825025,2.4097075,3.40194
"I",1.25,0.95,0.275,14.004653,6.180191,2.551455,3.75630875
"M",1.625,1.2875,0.45,41.4753185,18.653971,8.88756825,11.66581925
"F",1.4625,1.1625,0.4125,26.52095725,11.43902325,6.44951125,7.3425205
"M",1.675,1.3,0.475,46.45065575,23.00561925,10.4609655,11.0846545
"F",1.5625,1.2375,0.4125,35.777069,14.3731965,9.015141,11.056305
"I",0.95,0.6875,0.2375,3.89805625,2.438057,1.65844575,1.71514475
"M",1.5375,1.2,0.45,32.87124525,13.73533275,6.13766675,9.2135875
"M",0.725,0.575,0.1875,3.30271675,1.2190285,0.72291225,1.13398
"I",1.2,0.925,0.3,15.195332,7.1157245,3.231843,4.252425
"F",1.6,1.2875,0.4125,37.18036925,14.01882775,7.24329725,11.623295
"I",1.125,0.875,0.275,14.571643,7.1724235,2.96252275,3.96893
"M",1.1125,0.8875,0.275,12.51630425,5.11708475,2.93417325,4.26659975
"F",1.3875,1.0125,0.3,25.8830935,12.99824575,5.556502,5.85417175
"F",1.375,1.075,0.3875,22.2543575,8.1930055,6.4353365,6.6054335
"F",1.5875,1.2125,0.4125,36.69842775,18.937466,7.38504475,7.69688925
"M",1.725,1.3125,0.4375,48.20832475,23.40251225,10.262519,11.4815475
"I",1.0375,0.775,0.275,8.40562675,3.4869885,1.6159215,2.82077525
"I",1.1375,1.0875,0.275,12.09106175,5.5281525,2.551455,3.41611475
"F",1.225,0.8875,0.4,24.93338525,9.87980075,6.0951425,8.00873375
"M",1.625,1.3125,0.4625,38.14425225,16.612807,7.881161,10.95708175
"M",1.3125,1.025,0.4125,22.69377475,7.47009325,5.62737575,7.087375
"I",0.8,0.625,0.2,4.43669675,1.6159215,0.963883,1.70097
"M",1.75,1.375,0.4875,46.05376275,19.1359125,9.8372765,15.1669825
"M",1.55,1.25,0.4125,37.0527965,18.01610725,7.21494775,8.9300925
"I",1.125,0.875,0.3375,14.004653,6.25106475,2.67902775,3.98310475
"M",1.6375,1.3,0.425,32.44600275,15.025235,6.3219385,9.865626
"M",1.6375,1.225,0.4375,38.51279575,18.12950525,8.334753,10.3475675
"I",1.3625,1.075,0.375,21.035329,9.99319875,4.479221,5.896696
"M",1.2625,1.0125,0.275,17.7184375,8.6465975,4.53592,4.9611625
"I",0.9125,0.675,0.2125,5.556502,2.33883375,1.06310625,1.70097
"I",0.475,0.325,0.1125,0.75126175,0.2551455,0.1417475,0.2551455
"F",1.3625,1.0625,0.3125,21.772416,8.334753,4.23825025,7.37087
"I",0.625,0.4375,0.15,1.80019325,0.77961125,0.226796,0.56699
"F",1.4875,1.1625,0.35,31.5529935,14.67086625,6.917278,8.6465975
"I",0.5,0.375,0.1,1.304077,0.5953395,0.1984465,0.18427175
"I",1.1625,0.8625,0.2625,11.38232425,6.860579,0.97805775,3.0900955
"I",1.025,0.7875,0.25,8.50485,3.515338,1.63009625,2.83495
"F",1.1875,0.875,0.2875,13.8062065,5.499803,4.12485225,3.5436875
"M",1.325,1.05,0.3375,19.1359125,8.334753,4.422522,5.17378375
"M",1.4375,1.125,0.3375,26.12406425,10.035723,5.9250455,6.70465675
"I",0.7125,0.525,0.175,3.0900955,1.247378,0.75126175,0.9355335
"F",1.575,1.25,0.4625,39.2073585,15.30873,9.39785925,10.77281
"F",1.225,0.9625,0.4,18.597272,6.95980225,4.8477645,5.8116475
"I",0.925,0.6875,0.2125,5.79747275,2.721552,1.587572,2.26796
"I",0.475,0.35,0.075,0.89300925,0.35436875,0.1417475,0.29766975
"M",1.475,1.225,0.3375,28.576296,11.963489,6.36446275,8.0796075
"I",1.3125,1.0375,0.3,16.896302,7.95203475,3.40194,4.80524025
"M",1.5625,1.2,0.4,35.19590425,18.63979625,7.44174375,7.89533575
"F",0.9875,0.7375,0.2375,6.36446275,2.211261,1.530873,2.26796
"M",1.2875,1.0125,0.325,20.468339,9.07184,3.7137845,5.953395
"M",1.5875,1.2125,0.45,33.43823525,13.56523575,7.86698625,10.0640725
"F",1.175,0.9,0.3,13.53688625,5.96756975,2.99087225,4.252425
"M",1.6625,1.2875,0.475,46.45065575,23.5584345,10.13494625,10.5176645
"F",1.7375,1.4,0.4625,50.22113925,23.23241525,9.3836845,12.3887315
"M",1.075,0.775,0.325,18.38465075,7.75358825,4.6209685,5.216308
"M",1.3125,1.0375,0.3375,22.52367775,11.169703,5.3580555,5.726599
"I",0.45,0.325,0.1125,0.77961125,0.35436875,0.283495,0.2551455
"I",0.7375,0.5375,0.175,3.4302895,1.3324265,0.43941725,1.14815475
"F",1.1375,0.925,0.2625,13.96212875,6.123492,3.52951275,3.8271825
"I",1.175,0.9375,0.2625,12.5021295,4.7343665,2.45223175,4.1106775
"M",1.15,0.9,0.3125,15.5071765,6.13766675,3.13261975,5.386405
"M",1.55,1.225,0.425,34.31706975,14.69921575,7.24329725,9.4970825
"F",1.05,0.825,0.3125,13.1258185,5.273007,3.118445,4.1106775
"I",0.9375,0.725,0.35,8.50485,3.96893,1.77184375,2.33883375
"I",1.2875,0.9375,0.35,18.44134975,7.07320025,3.9972795,6.27941425
"F",1.3375,1,0.3375,23.28911425,11.15552825,5.556502,5.8116475
"M",1.4875,1.125,0.35,23.756881,11.24057675,5.499803,6.1518415
"M",1.7875,1.375,0.4375,51.7378375,26.591831,10.78698475,12.47378
"F",1.6625,1.25,0.4375,40.69570725,18.2287285,9.7805775,10.489315
"F",1.5625,1.225,0.3875,37.704835,18.92329125,7.3425205,9.355335
"M",1.3,1.0375,0.4375,21.3471735,7.314171,4.8477645,7.2291225
"F",1.375,1.0375,0.3375,21.64484325,9.015141,5.953395,5.6699
"M",1.25,1.05,0.3125,17.57669,7.2291225,4.252425,5.8116475
"F",1.625,1.275,0.425,44.4236665,20.53921275,9.8939755,11.0846545
"F",1.3375,1.0125,0.3125,26.2799865,7.37087,4.03980375,9.7805775
"F",1.6625,1.35,0.4875,50.008518,24.11124975,10.24834425,13.324265
"F",0.925,0.7375,0.25,7.61184075,3.30271675,1.587572,2.36718325
"F",1.7375,1.3375,0.4375,52.12055575,22.77882325,11.226402,14.2597985
"I",1.35,1,0.3625,21.4605715,8.9300925,5.1312595,6.0951425
"M",1.475,1.15,0.325,31.241149,12.8990225,5.82582225,9.355335
"M",1.075,0.8625,0.2875,8.63242275,2.62232875,1.5592225,3.40194
"M",1.1625,0.9,0.275,14.04717725,7.55514175,2.4097075,3.4302895
"I",0.9125,0.7375,0.2375,7.087375,3.04757125,1.54504775,2.26796
"M",1.3625,1.0625,0.3375,23.94115275,10.5743635,5.953395,6.6621325
"M",1.725,1.3125,0.5,50.53298375,25.98231675,9.42620875,13.0691195
"F",1.475,1.125,0.4,25.51455,10.149121,4.422522,8.9300925
"F",1.5875,1.2625,0.3625,32.16250775,14.3164975,7.52679225,8.9300925
"F",1.8125,1.45,0.4625,43.1762885,22.80717275,10.19164525,12.40290625
"F",1.325,0.9875,0.2875,16.11669075,7.0590255,3.89805625,4.5642695
"M",1.5,1.1875,0.5125,33.339012,14.89766225,8.15048125,8.731646
"F",1.2375,1.025,0.3125,21.41804725,9.51125725,3.6570855,6.066793
"I",0.9625,0.7125,0.2125,6.917278,3.44446425,1.26155275,1.927766
"M",1.4875,1.1625,0.3125,22.6512505,9.19941275,5.6699,6.520385
"F",0.975,0.75,0.25,7.5126175,3.04757125,1.70097,2.45223175
"I",1.125,0.85,0.3,13.96212875,6.8322295,3.04757125,3.40194
"M",1.5,1.025,0.3625,26.6201805,12.68640125,5.556502,7.597666
"F",1.375,1.1125,0.3875,28.08017975,15.422128,5.046211,6.180191
"M",1.0625,0.85,0.3,10.999606,4.2240755,2.4664065,3.5436875
"I",0.5375,0.4125,0.1375,1.6726205,0.75126175,0.35436875,0.52446575
"F",0.9875,0.7875,0.2625,9.96484925,3.35941575,2.5798045,3.38776525
"I",0.875,0.675,0.225,5.82582225,2.1262125,1.63009625,1.757669
"F",1.55,1.2,0.4,31.53881875,15.97494325,6.93145275,7.9662095
"M",1.6125,1.2625,0.375,32.89959475,14.7133905,7.41339425,9.4970825
"F",1.7,1.3,0.4625,42.354153,17.4349425,11.15552825,11.509897
"F",1.1,0.85,0.3375,11.26892625,4.26659975,2.67902775,3.8271825
"M",1.6,1.3125,0.5,39.02308675,12.47378,8.71747125,13.324265
"F",1.7625,1.3375,0.45,47.7689075,19.6462035,11.90679,11.46737275
"M",1.5,1.1875,0.4,32.998818,14.30232275,7.47009325,9.4970825
"I",0.925,0.725,0.2,7.21494775,3.061746,1.60174675,1.984465
"F",1.5375,1.25,0.5125,31.34037225,12.60135275,6.4353365,11.056305
"I",1.2,0.975,0.375,17.78931125,7.824462,3.798833,5.2446575
"I",1.125,0.825,0.2625,12.700576,5.896696,2.5231055,3.40194
"M",1.4625,1.1875,0.3,26.7902775,11.623295,5.99591925,7.93786
"M",1.25,0.9375,0.375,18.030282,7.18659825,4.1106775,5.386405
"M",1.4375,1.1875,0.3625,24.2955215,10.39009175,4.9044635,7.6260155
"F",1.475,1.15,0.4,28.67551925,12.6155275,7.41339425,7.27164675
"M",1.675,1.3,0.4125,39.405805,20.1564945,8.12213175,8.50485
"F",1.525,1.15,0.3875,27.1304715,12.06271225,5.59902625,7.5126175
"M",1.35,1.05,0.475,19.43358225,8.3064035,4.6209685,10.77281
"M",1.35,1.0375,0.325,23.37416275,7.711064,6.406987,6.80388
"I",1.2,0.925,0.3,14.571643,5.88252125,3.7137845,4.3941725
"M",0.9,0.675,0.25,6.1518415,2.50893075,1.40330025,2.02698925
"M",1.2125,0.975,0.3375,17.4916415,7.087375,3.81300775,4.63514325
"F",1.375,1.1625,0.45,34.37376875,9.19941275,5.8116475,14.8834875
"I",0.8,0.5875,0.2,4.20990075,1.814368,0.8788345,1.2757275
"M",1.6375,1.2125,0.4875,45.92619,17.78931125,10.149121,13.7495075
"F",1.4875,1.1625,0.3625,31.3828965,11.396499,6.84640425,8.788345
"M",1.475,1.125,0.4625,36.3724085,13.4093135,7.824462,12.0485375
"F",1.4375,1.125,0.25,26.40755925,12.2186345,6.293589,6.6621325
"F",1.5625,1.2125,0.4125,34.74231225,14.38737125,8.391452,10.20582
"F",1.4625,1.15,0.425,26.43590875,10.3475675,7.6827145,8.221355
"M",1.4875,1.175,0.375,25.27357925,10.1774705,5.96756975,6.9456275
"I",0.6625,0.5,0.1625,2.76407625,1.13398,0.58116475,0.793786
"M",1.425,1.1125,0.35,30.14969325,14.92601175,6.22271525,6.80388
"F",1.0875,0.875,0.3125,13.0124205,5.5848515,3.24601775,4.1106775
"M",0.875,0.6625,0.275,8.40562675,3.86970675,1.7860185,2.4097075
"M",1.475,1.175,0.375,24.4089195,11.7083435,4.649318,7.0590255
"M",1.4375,1.1125,0.4,23.7852305,11.35397475,5.613201,6.7755305
"I",1.0875,0.8375,0.275,11.6516445,5.74077375,2.67902775,2.83495
"I",1.025,0.8125,0.2625,10.2341695,4.55009475,1.88524175,2.9199985
"I",0.75,0.575,0.1875,4.252425,1.71514475,1.190679,1.2757275
"I",1,0.7375,0.2375,7.144074,3.13261975,1.63009625,1.871067
"I",1.45,1.15,0.35,26.26581175,11.72251825,5.23048275,7.654365
"F",1.5875,1.2375,0.0375,32.78619675,14.50076925,8.731646,8.17883075
"M",1.2875,1.0125,0.35,24.11124975,8.845044,4.139027,8.9300925
"F",1.55,1.1625,0.35,32.89959475,17.02387475,6.22271525,8.7032965
"F",1.55,1.2875,0.3875,37.57726225,18.95164075,7.38504475,9.4970825
"I",0.775,0.5875,0.175,4.2807745,1.7860185,1.14815475,1.2757275
"I",0.5625,0.425,0.175,1.60174675,0.680388,0.3685435,0.453592
"M",1.3,1,0.2625,24.720764,12.79979925,4.57844425,5.62737575
"M",1.3,0.9625,0.4125,22.4244545,10.6310625,5.10291,5.14543425
"M",0.8,0.6,0.2,5.10291,2.26796,1.09145575,1.5592225
"F",1.45,1.0875,0.375,23.7852305,9.87980075,5.8683465,5.443104
"M",1.3125,1,0.35,20.76600875,9.468733,4.46504625,4.819415
"M",1.475,1.2125,0.3875,30.57493575,12.85649825,6.90310325,8.788345
"I",1.3875,1.075,0.3125,19.85882475,9.62465525,3.84135725,5.93922025
"M",1.75,1.4375,0.475,64.4384135,31.0427025,11.850091,18.086981
"F",1.5375,1.2875,0.3375,31.79396425,15.4504775,6.53455975,8.221355
"F",1.4625,1.0875,0.35,19.71707725,8.74582075,3.6570855,6.36446275
"I",1.175,0.9125,0.25,11.6516445,4.9611625,2.42388225,3.8271825
"I",0.925,0.6875,0.25,7.98038425,4.26659975,1.43164975,1.927766
"I",0.6875,0.5,0.175,2.721552,1.0489315,0.63786375,0.850485
"F",1.6875,1.325,0.4875,42.48172575,17.57669,10.6310625,12.0485375
"F",1.2625,0.975,0.3,16.23008875,7.24329725,3.75630875,4.139027
"F",1.3,1.0625,0.3625,19.84465,5.8683465,5.40057975,6.80388
"F",1.825,1.4375,0.4625,53.28288525,26.3933845,10.77281,13.67863375
"I",1.3875,1.0875,0.35,21.6873675,11.18387775,4.252425,5.839997
"I",0.5625,0.425,0.125,1.45999925,0.5386405,0.340194,0.4819415
"F",1.4875,1.1375,0.3875,30.06464475,14.55746825,6.13766675,8.50485
"I",1.1375,0.8125,0.3375,23.24659,11.35397475,4.86193925,5.9817445
"F",1.55,1.2,0.575,31.00017825,11.4248485,6.9456275,10.0640725
"I",0.9375,0.65,0.2,5.88252125,2.551455,1.17650425,1.984465
"I",1.375,1.0875,0.35,21.36134825,9.31281075,4.40834725,6.59125875
"M",1.1625,0.8875,0.3125,14.89766225,5.74077375,3.8271825,4.1106775
"M",1.675,1.25,0.5,35.9755155,16.329312,8.46232575,9.9506745
"I",1.525,1.2,0.4125,31.0994015,11.94931425,7.484268,9.4970825
"M",1.5625,1.25,0.4375,29.95124675,13.08329425,7.314171,8.6465975
"F",1.6875,1.3875,0.5125,54.5727875,20.2131935,10.149121,12.85649825
"M",1.5625,1.175,0.3625,50.61803225,19.1359125,7.0023265,9.19941275
"M",1.7,1.325,0.45,43.3463855,21.64484325,8.83086925,11.4106738
"I",1.3875,0.9875,0.325,15.83319575,6.293589,3.52951275,4.819415
"M",1.3875,1.1,0.375,21.4038725,8.7032965,4.32329875,7.37087
"I",1.4,1.1,0.4125,22.6796,9.4970825,4.91863825,7.087375
"I",1.5125,1.2,0.3875,28.33532525,12.0485375,5.62737575,8.50485
"F",1.3625,1.025,0.2875,19.17843675,8.221355,4.479221,6.23689
"M",1.1625,0.9,0.325,14.92601175,5.96756975,3.35941575,4.6776675
"M",1.4875,1.1375,0.4875,37.71900975,13.02659525,9.17106325,9.7805775
"M",1.6,1.25,0.4625,36.95357325,12.60135275,7.47009325,13.1825175
"M",1.3625,1.125,0.375,22.12678475,10.75863525,4.60679375,6.123492
"M",1.2875,0.975,0.35,19.220961,9.6671795,3.75630875,3.3735905
"M",0.875,0.65,0.225,5.613201,2.05533875,1.587572,1.70097
"M",1.275,1.0125,0.325,20.34076625,10.56018875,4.479221,4.819415
"I",1.25,0.9125,0.3125,14.968536,6.4920355,2.9199985,4.66349275
"I",1.475,1.1625,0.4875,30.85843075,10.44679075,5.3013565,10.6310625
"F",1.15,0.8875,0.325,12.984071,5.443104,2.99087225,3.685435
"F",1.5375,1.1375,0.3375,30.0221205,13.42348825,7.4559185,7.767763
"I",1.3625,1.075,0.35,19.4761065,7.41339425,3.98310475,7.087375
"I",1.375,1.125,0.325,22.792998,9.56795625,3.98310475,6.520385
"I",1.2125,0.9,0.3,14.61416725,6.98815175,2.90582375,4.1673765
"M",1.3375,1.1,0.375,19.17843675,7.257472,3.9405805,7.37087
"F",1.25,1.0125,0.35,19.09338825,7.5126175,3.515338,7.087375
"F",1.45,1.1,0.45,24.210473,10.39009175,4.63514325,6.9456275
"F",1.4375,1.125,0.3,27.17299575,12.6722265,4.7910655,7.7961125
"I",1.0125,0.725,0.225,8.00873375,3.175144,2.1262125,2.31048425
"M",1.5,1.1875,0.4375,31.467945,14.47241975,7.257472,8.0796075
"M",1.55,1.15,0.4,26.94619975,13.93377925,5.6699,6.463686
"I",0.8,0.5875,0.1625,3.92640575,1.644271,0.63786375,1.417475
"M",1.275,1,0.35,18.46969925,6.95980225,4.72019175,5.2446575
"I",1.0125,0.75,0.225,7.6260155,2.9199985,1.8994165,3.118445
"F",1.8,1.375,0.4875,58.7685135,30.37648925,12.09106175,14.21727425
"I",1.5875,1.25,0.45,37.3929905,15.54970075,8.278054,13.891255
"M",1.025,0.775,0.3125,10.19164525,4.01145425,2.50893075,3.2601925
"I",0.875,0.65,0.2375,6.2652395,2.79242575,1.2190285,1.984465
"M",1.625,1.2375,0.425,36.173962,17.61921425,6.53455975,11.3114505
"M",1.6,1.225,0.35,33.849303,12.60135275,6.747181,10.6310625
"M",1.2625,0.9625,0.325,18.24290325,8.88756825,4.2240755,4.29494925
"M",1.7375,1.375,0.4875,47.18774275,20.6100865,10.20582,12.6155275
"F",0.925,0.6875,0.2125,6.81805475,2.948348,1.51669825,1.984465
"I",1.1375,0.9375,0.3125,15.1102835,6.6054335,3.005047,5.2446575
"I",0.7,0.5375,0.2,3.742134,2.041164,0.623689,0.9355335
"F",1.7,1.2875,0.4375,45.88366575,14.52911875,11.5949455,17.57669
"F",1.375,1.0125,0.3125,18.4555245,8.40562675,3.8838815,5.6699
"M",1.475,1.125,0.4,28.292801,12.6155275,6.066793,8.5331995
"F",1.4625,1.1625,0.3625,27.93843225,12.26115875,6.08096775,8.06543275
"F",0.9375,0.725,0.2875,7.66853975,2.6365035,1.871067,2.50893075
"F",1.6,1.3125,0.5375,50.4337605,12.85649825,8.09378225,15.592225
"I",1.075,0.7875,0.2375,10.716111,4.9611625,2.26796,2.96252275
"F",1.3625,1.1,0.375,26.86115125,10.375917,6.7755305,7.7961125
"M",1.4875,1.2,0.4625,33.40988575,14.911837,8.43397625,8.901743
"F",1.7625,1.3375,0.55,52.900167,26.3366855,10.87203325,12.45960525
"M",1.5,1.2,0.3875,28.746393,12.7856245,5.34388075,9.2135875
"I",0.8125,0.6125,0.175,4.5642695,2.14038725,0.72291225,1.2757275
"F",1.3375,1.0125,0.3625,19.40523275,7.72523875,4.8477645,5.8116475
"I",0.5875,0.4375,0.2,1.82854275,0.60951425,0.49611625,0.60951425
"I",0.3875,0.2625,0.125,0.49611625,0.1417475,0.09922325,0.1417475
"I",0.8875,0.675,0.2625,7.6827145,4.03980375,1.48834875,2.08368825
"M",0.9,0.7375,0.325,7.83863675,2.53728025,1.6159215,2.84912475
"F",1.2125,0.9375,0.3375,15.762322,5.45727875,3.72795925,4.77689075
"F",1.6875,1.3625,0.4875,49.17220775,19.40523275,10.47514025,17.1514475
"M",1.75,1.4125,0.45,49.6399745,25.3728025,9.51125725,12.643877
"I",0.9375,0.7,0.225,6.0951425,2.381358,1.70097,1.5592225
"F",1.675,1.3,0.475,37.42134,14.84096325,8.77417025,12.11941125
"M",1.2875,0.975,0.3,17.36406875,8.561549,3.86970675,4.01145425
"M",1.7,1.325,0.5125,42.410852,16.51358375,9.5537815,13.1825175
"M",1.4875,1.1875,0.425,31.08522675,11.8784405,6.4920355,9.922325
"F",1.575,1.2375,0.5,40.41221225,18.6823205,9.525432,10.77281
"F",1.775,1.3875,0.425,41.673765,15.23785625,10.77281,12.2186345
"M",1.5875,1.3125,0.4625,39.87357175,19.391058,8.50485,10.61688775
"F",1.35,1.05,0.325,21.27629975,10.432616,4.74854125,5.23048275
"M",1.1625,1.0125,0.3375,22.04173625,12.360382,4.86193925,4.12485225
"M",1.2875,0.975,0.3875,20.19901875,10.47514025,3.8838815,4.3941725
"M",1.3125,1,0.425,20.70930975,7.9095105,5.82582225,5.5281525
"F",1.175,0.875,0.2875,13.8062065,5.54232725,3.6003865,4.3941725
"M",0.875,0.65,0.225,5.5281525,2.11203775,1.1623295,1.85689225
"M",1.6625,1.3125,0.4125,37.931631,15.63474925,10.13494625,9.922325
"M",1.3875,1.0625,0.325,21.72989175,7.484268,4.762716,7.7961125
"M",1.525,1.175,0.4375,34.416293,15.06775925,8.03708325,9.2135875
"M",1.2625,0.975,0.2875,15.83319575,7.29999625,3.3735905,4.35164825
"I",1.1,0.775,0.2875,10.27669375,3.798833,2.324659,3.40194
"M",1.5,1.1375,0.425,33.77842925,19.731252,6.78970525,6.80388
"F",1.4875,1.1875,0.4,32.33260475,15.5071765,6.5487345,7.6827145
"M",1.625,1.2625,0.425,44.21104525,19.7029025,9.96484925,11.1980525
"F",1.6125,1.25,0.425,33.57998275,13.62193475,7.767763,10.0640725
"M",1.4375,1,0.3875,26.43590875,10.21999475,6.93145275,8.50485
"F",1.575,1.1875,0.3875,28.36367475,12.813974,7.144074,7.5126175
"I",0.525,0.375,0.1375,1.31825175,0.4819415,0.340194,0.4252425
"F",1.425,1.1375,0.4125,30.03629525,12.47378,6.22271525,8.0796075
"M",1.1,0.8875,0.3125,13.53688625,3.742134,2.31048425,5.386405
"M",1.375,1.1,0.3375,24.9192105,10.432616,5.93922025,7.5126175
"F",1.2625,0.9375,0.2875,16.71203025,7.47009325,3.40194,4.7343665
"F",1.65,1.325,0.425,40.5681345,17.633389,8.7599955,11.283101
"I",0.4,0.3,0.0875,0.5953395,0.21262125,0.12757275,0.1417475
"I",0.425,0.325,0.2375,0.850485,0.3685435,0.226796,0.283495
"I",1.1,0.825,0.3375,14.798439,4.819415,2.56562975,5.5281525
"M",1.5625,1.225,0.3,24.84833675,12.927372,5.10291,6.6054335
"I",1.1,0.85,0.3,14.16057525,8.40562675,2.67902775,3.35941575
"F",1.2875,1.0375,0.325,21.659018,7.824462,5.556502,7.087375
"I",1.4125,1.075,0.375,23.2891143,9.412034,4.77689075,8.221355
"I",1.05,0.8625,0.2875,9.73805325,4.29494925,2.25378525,3.2601925
"F",1.25,1.0125,0.375,16.91047675,7.1724235,3.572037,5.2446575
"I",1.0875,0.8375,0.275,10.8578585,4.40834725,1.91359125,3.8271825
"I",0.8375,0.625,0.2,4.80524025,1.97029025,1.247378,1.40330025
"F",1.8,1.4375,0.5375,63.105987,25.38697725,11.4815475,17.57669
"M",1.5625,1.2375,0.4375,34.23202125,15.0535845,7.9662095,9.99319875
"I",1.1875,0.875,0.3,13.90542975,5.76912325,3.685435,3.8271825
"M",1.1625,0.85,0.2625,13.777857,6.5487345,2.93417325,3.47281375
"M",1.6875,1.35,0.4375,44.06929775,18.83824275,7.881161,14.514944
"I",1.075,0.85,0.275,10.33339275,4.5075705,2.42388225,2.9766975
"F",1.625,1.1875,0.4125,39.33493125,16.44271,9.87980075,8.77417025
"M",1.3125,1.0625,0.3,24.56484175,8.00873375,4.989512,8.221355
"M",1.2875,0.95,0.4375,27.11629675,9.2135875,4.479221,8.788345
"I",0.9375,0.7,0.2,6.13766675,2.65067825,2.62232875,1.984465
"I",0.8875,0.675,0.1875,5.783298,8.63242275,1.304077,1.68679525
"M",1.4,1.125,0.3625,25.344453,11.01378075,5.93922025,7.484268
"I",1.2875,0.95,0.3,17.7184375,9.25611175,3.67126025,4.53592
"F",1.4,1.1375,0.3125,26.7335785,9.752228,3.6570855,10.6310625
"M",0.95,0.5875,0.25,7.314171,2.99087225,1.530873,2.26796
"F",1.45,1.1375,0.4,26.12406425,8.845044,5.556502,8.50485
"M",1.1,0.875,0.35,12.7856245,4.8477645,1.99863975,5.216308
"I",1.2125,0.8875,0.2625,14.118051,6.16601625,2.721552,4.32329875
"I",1.1875,0.9,0.3625,17.93105875,8.00873375,3.8838815,5.386405
"M",1.1125,0.8625,0.225,10.75863525,4.0539785,2.097863,3.5436875
"F",1.4125,1.125,0.4125,27.68328675,9.128539,6.917278,10.489315
"M",1.225,0.9875,0.3375,15.71979775,6.0384435,2.62232875,6.0951425
"I",1.225,0.9625,0.2875,19.3627085,9.25611175,4.57844425,4.6776675
"F",1.4,1.075,0.375,25.01843375,9.82310175,4.876114,8.788345
"I",0.95,0.675,0.2,5.96756975,2.45223175,1.190679,1.984465
"F",1.475,1.1625,0.425,29.55435375,13.13999325,6.80388,7.654365
"F",1.25,0.9375,0.2875,16.85377775,5.2446575,4.195726,5.386405
"I",1.175,0.925,0.3,13.33843975,5.23048275,2.99087225,4.3941725
"F",1.65,1.3,0.5,47.513762,19.0792135,13.62193475,12.757275
"I",0.8,0.5375,0.2375,8.6465975,3.96893,1.8994165,2.50893075
"M",1.7625,1.4,0.4125,47.4854125,22.5945515,11.60912025,10.999606
"M",1.3625,1.0375,0.35,23.24659,13.08329425,3.6003865,6.180191
"I",1.2625,1.0125,0.325,16.9813505,6.36446275,3.33106625,6.3786375
"F",1.4,1.1625,0.4,29.24250925,12.246984,5.74077375,9.5537815
"F",1.6625,1.2625,0.4,36.61337925,17.8885345,8.29222875,9.07184
"F",1.1875,0.875,0.2875,12.813974,4.86193925,2.608154,4.3941725
"M",1.375,1.1,0.4,28.0943545,9.865626,4.762716,10.6310625
"M",1.425,1.175,0.3875,33.622507,18.01610725,6.56290925,7.8528115
"M",1.475,1.1875,0.3625,29.8520235,12.51630425,7.427569,9.2135875
"M",1.2625,0.975,0.3,18.5122235,9.39785925,3.92640575,4.7343665
"F",1.5,1.1875,0.3375,40.83745475,16.68368075,5.4147545,9.00096625
"F",1.6125,1.25,0.3875,34.60056475,17.42076775,6.690482,9.02931575
"F",1.7375,1.325,0.5,58.04560125,21.262125,11.89261525,17.27902025
"I",1.2375,0.95,0.3625,14.17475,5.8116475,4.195726,4.26659975
"F",1.825,1.425,0.4125,57.16676675,30.29144075,11.850091,12.3320325
"F",1.4625,1.15,0.425,30.71668325,10.61688775,9.241937,9.2135875
"M",1.575,1.175,0.375,32.19085725,15.2803805,6.59125875,8.83086925
"I",0.325,0.25,0.075,0.3685435,0.12757275,0.0850485,0.113398
"F",1.2,0.9625,0.3375,15.195332,5.37223025,4.025629,4.9044635
"I",1,0.7875,0.25,9.14271375,4.0539785,2.08368825,2.5798045
"M",1.15,0.875,0.3125,14.64251675,5.34388075,3.24601775,5.2446575
"M",1.625,1.3,0.475,38.11590275,14.7133905,8.674947,12.65805175
"M",1.6125,1.275,0.475,41.80133775,17.1514475,9.7805775,13.60776
"M",1.8375,1.475,0.5375,49.5265765,20.62426125,11.4248485,15.7906715
"M",1.375,1.15,0.4375,24.6357155,8.94426725,5.17378375,9.07184
"M",1.6375,1.325,0.4875,39.349106,16.0741665,7.75358825,11.623295
"F",1.5125,1.2125,0.4,29.95124675,10.489315,6.67630725,10.0640725
"F",1.4625,1.2125,0.375,30.5891105,11.75086775,5.99591925,10.092422
"M",1.5125,1.175,0.2875,31.581343,11.12717875,8.2497045,8.788345
"F",1.2125,1,0.3875,20.7234845,6.690482,5.1879585,7.2291225
"F",1.625,1.2375,0.4,37.15201975,16.3576615,9.39785925,10.0640725
"I",1.125,0.8625,0.3375,12.5588285,5.59902625,2.48058125,3.33106625
"F",1.5125,1.175,0.4,30.71668325,15.32290475,6.27941425,7.7961125
"M",1.3625,1.025,0.35,20.8935815,9.8939755,4.252425,6.010094
"F",1.4,1.075,0.3125,22.75047375,8.8733935,4.86193925,7.4559185
"M",1.6375,1.3125,0.4625,35.6920205,13.8062065,6.27941425,12.6155275
"F",1.4125,1.125,0.4375,28.61882025,12.6722265,6.73300625,7.49844275
"M",1.25,0.9625,0.3625,21.58814425,6.973977,5.5281525,5.783298
"I",1.0375,0.8125,0.25,9.45455825,4.09650275,2.02698925,2.6932025
"I",0.9625,0.725,0.225,7.41339425,3.1467945,1.68679525,2.11203775
"M",1.5375,1.1875,0.5125,37.9032815,16.99552525,7.98038425,10.489315
"M",1.5375,1.1875,0.425,33.52328375,13.437663,8.20718025,6.80388
"I",0.9125,0.675,0.2125,5.31553125,2.2963095,1.190679,1.644271
"F",1.575,1.2375,0.3625,32.5168765,15.46465225,7.540967,8.17883075
"F",1.3125,1.025,0.2875,21.95668775,11.793392,4.6209685,5.10291
"I",0.9,0.65,0.225,5.06038575,1.82854275,1.0489315,2.1262125
"I",1.3375,1.025,0.3875,17.90270925,7.78193775,4.01145425,5.14543425
"M",1.425,1.1375,0.375,27.21552,10.9712565,6.76135575,7.7961125
"M",1.5125,1.1875,0.375,32.601925,16.3009625,6.577084,8.4198015
"M",1.425,1.125,0.3875,33.8776525,15.94659375,7.27164675,8.3631025
"F",1.5125,1.2375,0.425,30.94347925,12.37455675,7.69688925,9.4970825
"M",1.4125,1.125,0.3875,30.03629525,13.42348825,6.80388,7.5126175
"F",1.75,1.3375,0.4375,50.2636635,19.29183475,13.60776,14.514944
"F",1.225,0.925,0.2875,15.3370795,4.8477645,3.33106625,5.2446575
"I",1.0375,0.7875,0.225,10.27669375,4.9611625,2.36718325,2.6365035
"F",1.3,1.025,0.2875,22.8780465,8.09378225,5.0745605,6.6621325
"M",1.4375,1.0625,0.35,24.47979325,11.1413535,6.4353365,5.6699
"I",1.475,1.125,0.3125,24.38057,12.3887315,4.29494925,6.9456275
"I",1.1875,0.9125,0.35,12.88484775,4.8477645,3.345241,4.479221
"I",1.2375,0.9625,0.3125,16.5844575,7.81028725,3.50116325,4.6776675
"F",1.575,1.225,0.425,34.45881725,13.11164375,5.79747275,8.80251975
"F",1.55,1.2625,0.4,38.90968875,17.81766075,7.7961125,10.44679075
"I",0.75,0.5625,0.1875,3.81300775,1.6159215,0.793786,1.247378
"F",1.675,1.2625,0.5125,38.68289275,17.22232125,8.57572375,10.0073735
"F",1.425,1.15,0.425,31.18445,11.69416875,6.25106475,10.77281
"M",1.5125,1.1875,0.4,45.812792,15.57805025,9.412034,9.63883
"I",0.9,0.6625,0.2125,5.28718175,1.91359125,1.0489315,1.74349425
"F",1.4375,1.0625,0.375,24.84833675,12.8990225,5.10291,6.463686
"F",1.425,1.1,0.475,28.859791,12.6722265,5.8683465,7.5126175
"I",1.0375,0.7875,0.25,10.33339275,5.00368675,2.25378525,2.6932025
"F",1.4625,1.1875,0.4625,24.30969625,9.82310175,5.06038575,7.7961125
"I",1.425,1.0875,0.425,24.040376,11.3398,4.706017,7.087375
"I",1.3375,1,0.3375,21.9708625,10.432616,5.896696,5.82582225
"F",1.6875,1.375,0.45,47.86813075,15.932419,10.50348975,17.0097
"F",1.1875,0.95,0.3625,16.159215,4.7343665,3.345241,5.3013565
"F",1.7,1.3,0.4625,43.6865795,16.96717575,11.1980525,12.96989625
"F",1.425,1.1625,0.3875,24.720764,9.19941275,6.7755305,8.0796075
"M",1.0625,0.8125,0.3,10.64523725,4.025629,3.01922175,2.9766975
"F",1.15,1.0625,0.3875,21.148727,8.51902475,4.309124,6.80388
"M",1.4125,1.1625,0.4375,28.2077525,11.04213025,5.1879585,10.489315
"M",1.5,1.15,0.45,32.31843,11.9918385,7.29999625,10.3475675
"I",1.075,0.85,0.3125,10.886208,3.89805625,1.7293195,4.139027
"I",1.125,0.875,0.3,13.267566,5.68407475,3.01922175,3.75630875
"M",1.5,1.2,0.225,29.766975,12.9557215,7.61184075,7.93786
"I",1.2,0.9125,0.25,13.0691195,6.25106475,2.36718325,3.8271825
"M",1.7375,1.4,0.4625,49.32813,25.0893075,10.53183925,12.40290625
"M",1.5125,1.1875,0.45,26.54930675,11.169703,6.2085405,8.3631025
"F",1.6875,1.3375,0.4625,44.15434625,19.94387325,11.396499,11.3398
"F",1.4125,1.125,0.3375,28.02348075,10.9712565,4.23825025,8.788345
"M",1.225,0.95,0.35,21.55979475,6.9456275,4.7343665,5.2446575
"M",1.9,1.4375,0.475,51.8512355,19.94387325,10.942907,15.87572
"F",1.45,1.15,0.4625,28.8314415,9.96484925,5.6699,9.07184
"F",1.3375,1.1125,0.3125,24.73493875,11.8217415,5.6415505,6.80388
"F",1.3125,1.05,0.4,21.432222,7.78193775,4.9044635,7.7961125
"F",1.4,1.1,0.3875,18.15785475,9.525432,5.00368675,6.9456275
"F",1.25,0.9875,0.375,20.25571775,9.17106325,4.9044635,5.5281525
"M",1.4375,1.15,0.3875,25.287754,12.51630425,4.989512,6.23689
"I",0.6,0.425,0.125,1.54504775,0.58116475,0.453592,0.43941725
"I",1.275,1,0.3125,16.82542825,6.7755305,3.685435,5.783298
"I",0.4375,0.325,0.1375,0.89300925,0.29766975,0.18427175,0.35436875
"M",1.5625,1.2875,0.4125,34.5013415,18.9091165,5.85417175,8.83086925
"F",1.6,1.1875,0.475,32.6302745,12.37455675,7.9662095,10.78698475
"M",1.075,0.8375,0.3,11.2547515,5.62737575,2.45223175,2.93417325
"M",1.4375,1.1875,0.4,31.581343,14.04717725,7.78193775,8.221355
"M",1.8625,1.4625,0.5375,70.8454005,26.26581175,13.380964,19.84465
"F",1.5625,1.225,0.3625,26.08154,12.3887315,4.91863825,7.93786
"I",0.9625,0.725,0.25,7.29999625,2.83495,1.7293195,2.438057
"F",1.2375,1,0.3875,18.27125275,6.860579,3.75630875,5.8116475
"M",1.4375,1.125,0.3875,25.117657,10.21999475,5.9817445,7.29999625
"F",1.3125,1.025,0.3375,22.41027975,11.52407175,5.613201,5.0178615
"M",1.2375,0.95,0.3375,17.84601025,7.4559185,4.03980375,6.0951425
"F",1.225,0.975,0.3375,16.726205,6.0951425,3.5436875,5.23048275
"M",1.175,0.925,0.325,14.81261375,5.6982495,3.7704835,4.6776675
"F",1.3375,1.15,0.3625,22.32523125,9.62465525,5.68407475,5.6699
"M",1.4,1.125,0.3875,25.86891875,10.19164525,7.6827145,9.922325
"I",1.425,1.0625,0.35,21.70154225,9.3836845,3.96893,6.80388
"I",1.1875,0.8375,0.25,12.54465375,5.37223025,2.438057,3.8271825
"I",1.2375,0.95,0.3375,14.44407025,5.85417175,3.30271675,4.6776675
"M",1.3625,1.15,0.4,25.44367625,9.6671795,4.69184225,9.7805775
"I",0.6125,0.5125,0.15,2.16873675,0.963883,0.396893,0.60951425
"I",1,0.775,0.2875,8.901743,4.37999775,1.68679525,2.4664065
"I",1.0625,0.825,0.2875,9.25611175,3.72795925,2.1829115,2.9199985
"I",1.075,0.8,0.25,10.92873225,5.443104,2.11203775,2.83495
"M",1.325,1.0625,0.325,21.13455225,8.49067525,3.84135725,6.9456275
"F",1.5625,1.2125,0.5,39.12231,16.57028275,8.561549,11.3681495
"I",1.1875,0.9625,0.275,16.25843825,8.8166945,2.90582375,3.855532
"I",1.0625,0.8,0.2125,7.427569,3.50116325,1.8994165,2.05533875
"M",1.6125,1.25,0.4,39.16483425,19.050864,9.241937,8.9300925
"I",0.85,0.6625,0.2,5.71242425,2.551455,1.34660125,1.5592225
"I",0.8,0.5875,0.225,5.1879585,2.778251,0.94970825,1.190679
"M",1.5875,1.3125,0.4,33.8776525,15.40795325,6.973977,9.4970825
"I",0.55,0.4125,0.1375,1.54504775,0.60951425,0.340194,0.56699
"M",1.5625,1.2125,0.425,40.7382315,16.59863225,8.3064035,13.4660125
"M",0.5875,0.425,0.1375,1.45999925,0.510291,0.29766975,0.55281525
"F",1.4875,1.0875,0.375,25.51455,11.83591625,4.819415,7.5126175
"I",0.875,0.625,0.1875,4.80524025,2.36718325,1.00640725,1.1623295
"I",1.2625,1.0125,0.325,17.05222425,8.54737425,3.118445,5.10291
"F",1.4375,1.2,0.4125,30.560761,14.4865945,5.93922025,8.674947
"M",1.5375,1.1875,0.4375,31.2694985,13.13999325,8.77417025,7.72523875
"I",1.3125,1,0.325,18.27125275,9.7805775,3.64291075,5.6699
"M",1.425,1.15,0.425,25.61377325,11.55242125,5.48562825,6.066793
"I",0.95,0.75,0.225,7.8528115,4.69184225,1.77184375,2.324659
"I",1.5625,1.1625,0.3875,27.555714,11.453198,5.23048275,9.922325
"M",0.65,0.5,0.1625,2.721552,1.247378,0.7654365,0.850485
"F",1.6125,1.3125,0.425,38.838815,17.39241825,8.0229085,9.63883
"M",1.4875,1.175,0.4125,31.411246,13.93377925,6.59125875,9.48290775
"M",1.5375,1.1875,0.425,32.0065855,13.59358525,8.561549,8.50485
"I",1.2125,0.925,0.2875,12.9557215,5.34388075,2.73572675,4.252425
"I",0.9,0.675,0.2375,5.6699,2.0695135,1.587572,1.7293195
"I",0.8625,0.6375,0.2125,5.68407475,2.9766975,1.0489315,1.417475
"I",1.4625,1.15,0.35,21.64484325,9.241937,4.3374735,7.5126175
"F",1.7125,1.3125,0.4375,48.477645,15.35125425,8.7599955,16.44271
"I",0.875,0.625,0.25,11.38232425,4.89028875,1.7860185,3.55786225
"I",1.1625,0.8875,0.2625,12.530479,5.91087075,2.76407625,3.35941575
"F",1.0875,0.875,0.3,12.99824575,5.443104,2.83495,3.685435
"M",1.4,1.025,0.4125,26.365035,9.93649975,6.7188315,8.50485
"I",1.075,0.85,0,12.133586,5.85417175,2.438057,3.2601925
"F",1.4625,1.125,0.4,25.64212275,11.4815475,6.27941425,6.61960825
"I",0.9375,0.6875,0.2375,6.98815175,3.118445,1.17650425,2.19708625
"F",1.7,1.375,0.5,45.245802,14.8834875,11.55242125,16.5844575
"I",1.15,0.925,0.275,11.24057675,4.20990075,2.42388225,4.12485225
"I",1.4,1.1,0.325,20.51086325,9.8939755,4.2240755,5.6699
"I",1.4125,1.15,0.3875,24.70658925,10.64523725,6.0951425,7.087375
"M",1.4,1.075,0.3625,25.50037525,13.154168,5.03203625,6.633783
"M",1.45,1.1375,0.425,26.365035,11.566596,7.3425205,6.23689
"I",1.35,1.0625,0.3375,19.447757,9.85145125,4.37999775,6.0384435
"F",1.6375,1.2875,0.45,40.029494,17.56251525,7.04485075,14.0897015
"F",1.2,0.9125,0.3375,18.12950525,8.34892775,3.2034935,4.9611625
"M",1.675,1.35,0.4875,34.5013415,15.081934,7.75358825,9.39785925
"M",1.55,1.2,0.375,31.22697425,14.07552675,6.8889285,8.6465975
"F",1.575,1.2625,0.4875,37.024447,14.628342,9.36950975,10.6310625
"I",1.1,0.8875,0.3,14.0330025,6.5487345,3.118445,3.5436875
"M",1.55,1.1875,0.4625,37.5630875,17.13727275,9.2135875,9.355335
"F",1.625,1.275,0.4625,38.9805625,15.0535845,10.886208,11.29727575
"F",1.1875,0.95,0.3375,13.777857,4.91863825,1.984465,5.2446575
"F",1.325,1.025,0.3625,23.40251225,10.6310625,5.783298,6.9456275
"F",1.75,1.375,0.425,47.740558,21.36134825,9.25611175,9.07184
"F",1.4625,1.1375,0.325,24.81998725,11.6516445,5.85417175,6.3786375
"F",1.55,1.2125,0.4375,34.45881725,15.4504775,7.1724235,9.7805775
"I",0.625,0.4625,0.1625,2.0128145,0.7654365,0.52446575,0.63786375
"I",1.0625,0.775,0.2625,10.3475675,4.5075705,2.33883375,2.9766975
"I",0.7875,0.6125,0.2125,4.06815325,1.5025235,1.34660125,1.417475
